,CPI,IPI,PPI,Average Wage,Weekly Hours,FEDFUNDS,M0,M1,M2,Private Credit,Consumer Credit,Real GDP,Crude Oil WTI,Natural Gas,Gasoline,Heating Oil,Coal,Gold,Silver,Copper,Steel,Iron Ore,Platinum,Lead,Aluminum,Tin,Zinc,Nickel,Polyethylene,Soybeans,Wheat,Lumber,Palm Oil,Rubber,Milk,Cotton,Oat,Wool,Sugar,Corn
12/1/2009,215.949,124.4,170.8,22.36,33.9,0.12,2026.2,1692.8,8496,6457.1,2555.01664,15299.26534,79.36,5.572,2.0525,2.1188,90.1,1095.7,16.83,3.3275,3896,122,1467,2402,2197,16869,2529,18452,11670,1039.75,541.5,205,2663,289.5,14.22,75.6,277,879,26.95,414.5
1/1/2010,216.687,125.9,173.1,22.41,34,0.11,1995,1674.7,8458.1,6387.7,2543.50802,15398.89511,72.89,5.131,1.9031,1.9029,95.3,1081.05,16.16,3.046,3884,125,1500.5,2002,2046.5,17142,2095,18434,11150,914,474,248.5,2445,300,14.51,69.03,228,920,29.9,356.5
2/1/2010,216.741,125.8,172.2,22.45,33.8,0.13,2115.2,1699.8,8507.4,6322.1,2530.02428,15436.03078,79.66,4.813,2.0788,2.0249,93.85,1116.1,16.45,3.2685,3891,137,1540,2140.75,2102,17045,2172,21096,11345,951,506.5,257,2595,320,14.28,82.61,221,919,24.13,378
3/1/2010,217.631,126.3,173.9,22.46,34,0.16,2079.6,1711.9,8504.5,6383.7,2536.55195,15533.26341,83.76,3.869,2.31,2.1646,94.95,1112.8,17.46,3.546,4328,157,1641.5,2119.25,2293.5,18379,2344.75,24960,11010,941,450.5,287.2,2556,328,12.78,80.55,208,900,16.59,345
4/1/2010,218.009,127.7,175.2,22.49,34.1,0.20,2014.4,1699,8535.2,6704.5,2532.76479,15594.1905,86.15,3.92,2.3963,2.2885,103.85,1178.25,18.59,3.3375,4274,184,1739.5,2202.75,2225,18177.5,2253.25,26244,10910,989.5,491.75,291.5,2558,310,13.38,81.65,205.25,876,15.05,366.25
5/1/2010,218.178,126.7,176.1,22.53,34.1,0.20,2012.3,1710.1,8589.9,6664.3,2521.68794,15573.74261,73.97,4.31,2.0198,1.9802,100.2,1215.71,18.53,3.097,4026,150,1558.5,1823.75,2012.75,17840,1904.5,21277,10050,937.75,451.5,225.5,2436,308,13.35,75.3,191,882,14.19,334.5
6/1/2010,217.965,125.2,174.8,22.53,34.1,0.18,2002.4,1731.6,8609,6637.3,2518.41641,15649.19933,75.63,4.616,2.0606,1.9817,98.9,1241.35,18.55,2.936,3826,146,1531.5,1725.75,1951.25,17380,1759.75,19679,9340,948.5,464.75,195,2373,293,13.61,82.6,255,898,18.03,354.25
7/1/2010,218.011,125.2,174.7,22.59,34.2,0.18,1994.3,1724,8618.8,6612.7,2521.1048,15720.7667,78.95,4.923,2.1066,2.0427,96.2,1180.4,17.96,3.307,3956,145,1568,2054.5,2162.75,19480,1999,21080,9725,1052.5,661.5,209,2517,303,14.94,82.36,273.5,876,19.57,392.75
8/1/2010,218.312,125.7,175.3,22.62,34.2,0.19,1993.7,1748.7,8669.1,6605.5,2520.42213,15690.4093,71.92,3.816,1.8894,1.9944,94.15,1245.65,19.33,3.361,4177,152,1519.5,2043.5,2042.25,21025,2034.25,20646,9895,1008,652.5,204.5,2570,324,15.15,89.37,265.75,872,19.75,424.5
9/1/2010,218.439,125.7,175.5,22.67,34.3,0.19,1961.2,1766.2,8700.1,6576.7,2522.09423,15767.82523,79.97,3.872,2.0448,2.244,95.94,1308.5,21.7,3.646,4168,155,1650,2252.25,2321.5,24259,2166,23406,10405,1106.75,674,227,2730,351.5,16.28,101.3,342,875,25.3,495.75
10/1/2010,218.711,127.1,177.3,22.74,34.3,0.19,1961.7,1780.4,8749.4,6564.7,2530.106,15807.55287,81.43,4.038,2.1045,2.2201,97.4,1359.05,24.7,3.732,4334,158,1702.49,2426.75,2316,25561,2396,22918,11060,1226,717.25,257,3061,393,16.92,125.26,368,949,29.12,582
11/1/2010,218.803,129.2,178.2,22.73,34.3,0.19,1973.1,1828.4,8770,6560.7,2531.23226,15761.23946,84.11,4.18,2.2652,2.3169,112.3,1384.45,28.06,3.823,4734,170,1656.49,2214,2254.75,24497,2104.75,22998,10195,1243,650.25,247,3412,432.1,15.46,126.23,340,993,27.55,530
12/1/2010,219.179,131,179.1,22.76,34.3,0.18,2017,1836.7,8801.8,6555.9,2646.81126,15855.32106,91.38,4.405,2.4532,2.5437,122.65,1419.45,30.86,4.4396,4901,177,1767.5,2563.5,2460.75,26920,2444,24708,11145,1393.75,794.25,302,3788,500,13.22,144.81,394,1031,32.12,629
1/1/2011,220.223,133,181.1,22.86,34.2,0.17,2047.9,1846.3,8823.1,6524.9,2657.3601,15713.74207,92.19,4.42,2.4906,2.7468,129.4,1331.81,28.03,4.3656,5171,188,1788.49,2602.5,2512.75,30139,2409,27324,10770,1413,840.75,310,3809,540,13.49,168.44,396,1195,33.97,659.5
2/1/2011,221.309,135.3,183.3,22.87,34.3,0.16,2211.6,1870.1,8886.9,6497.3,2663.77992,15692.24102,96.97,4.037,2.7296,2.9258,130.95,1411.3,33.79,4.4781,4950,188,1804.99,2573.25,2569.25,32295,2492.5,28972,10790,1357.25,782.5,288.9,3472,517,17.05,191.34,371.25,1286,32.51,722.5
3/1/2011,223.467,139.3,187.3,22.87,34.3,0.14,2395.3,1896.5,8943.5,6481.5,2672.03136,15903.70982,106.72,4.389,3.1076,3.0898,123.2,1430,37.6,4.3001,4709,179,1766.3,2738.5,2619,31797.5,2347.5,26075,11020,1410.25,763.25,303.4,3326,507,19.46,200.23,367.25,1383,27.11,693.25
4/1/2011,224.906,142.9,190.2,22.91,34.4,0.10,2496.6,1897,9004.9,6486.7,2679.97392,15940.17923,113.93,4.698,3.4648,3.2558,122.8,1563.6,47.95,4.1656,4914,188,1872.5,2506.25,2758.75,32011,2234,26836,11185,1392.75,769.25,237,3270,457,16.41,178.78,342.5,1325,23.38,754
5/1/2011,225.964,143.1,191.9,22.98,34.4,0.09,2567.2,1941.6,9075.5,6488.9,2683.971,15870.11359,102.7,4.666,3.1504,3.0563,120.95,1533.35,38.45,4.1736,4988,179,1827.15,2536.25,2662.25,27882,2246.75,23587,10280,1376,782.25,243.5,3393,469.5,16.54,158.67,386,1384,23.18,747.5
6/1/2011,225.722,142.2,191.1,23.01,34.4,0.09,2648.5,1963.4,9151,6496.3,2693.0883,15820.35432,95.42,4.374,3.0316,2.9327,121.3,1499.6,34.65,4.2721,5182,176,1720.15,2671,2503.25,25975,2342,23395,10335,1306.25,584.75,244.9,3072,436,19.23,159.79,334,1409,28.36,629
7/1/2011,225.922,142.4,191.7,23.1,34.4,0.07,2684.8,1996,9316.6,6515.5,2717.49471,15862.1027,95.7,4.145,3.1129,3.0962,121.05,1626.14,39.82,4.4741,4994,184,1774,2594.75,2596.75,28022,2465.75,24954,11335,1354.25,672.5,248.5,3096,471.5,21.38,102.08,345.5,1361,29.81,665.5
8/1/2011,226.545,141.9,190.7,23.07,34.3,0.10,2657.7,2115.4,9507.6,6536.7,2709.1147,15935.31935,88.81,4.054,3.032,3.0782,122.85,1823.3,41.47,4.1871,4705,186,1839.35,2594,2430.75,24319,2264.25,22157,10525,1449,745.25,241.6,3009,477.2,21.57,105.88,370,1266,29.68,757.5
9/1/2011,226.889,141.7,191.5,23.12,34.4,0.08,2637.7,2120,9528.3,6544.5,2720.06046,15814.8056,79.2,3.666,2.626,2.7948,123.2,1623.25,29.89,3.145,4589,181,1517.95,2019,2124,20352,1838,17570,9050,1179,609.25,211.1,2905,416.4,17.44,98.71,328,1193,26.34,592.5
10/1/2011,226.421,141.2,190.2,23.2,34.5,0.07,2637.8,2128.5,9562.1,6576.5,2727.95336,16079.84298,93.19,3.934,2.6429,3.0429,118.5,1713.25,34.16,3.629,4560,136,1597,2061.5,2196.5,21959,1984.75,19555,9290,1207.5,628.25,224.2,2938,387,18.04,102.29,334.5,1215,25.77,647
11/1/2011,226.23,142.2,190.6,23.19,34.4,0.08,2605.4,2182,9612.6,6604.9,2746.76076,16034.59676,100.36,3.55,2.5677,3.0214,111.6,1745.1,32.81,3.563,4416,144,1553.24,2091,2102.75,20875,2073.25,17492,9050,1131.25,595.75,218.2,3018,319,19.1,92.69,366.25,1190,23.69,601.25
12/1/2011,225.672,142.2,189.6,23.22,34.4,0.07,2619.6,2165.7,9660.1,6614.7,2756.22486,16031.89524,98.83,2.989,2.6863,2.935,112.25,1563.8,27.69,3.4315,4344,145,1393,2011,1994.5,19148,1827.5,18724,9080,1198.5,652.75,247.1,3175,327,17.26,91.8,309.5,1189,23.3,646.5
1/1/2012,226.665,142.2,191.1,23.25,34.5,0.08,2640.8,2201.8,9733.3,6652.3,2769.93098,16085.06235,98.48,2.503,2.8874,3.0628,117.45,1739.03,33.12,3.7875,4225,147,1584.5,2185,2201.5,24298,2087.75,20774,9770,1199,666,248.2,3078,376,17.09,93.25,298,1190,23.64,639
2/1/2012,227.663,142.2,192.1,23.28,34.5,0.10,2694.4,2207.1,9785.7,6705.9,2777.80358,16312.91965,107.07,2.616,3.0423,3.188,112.1,1694.7,34.59,3.8705,4222,147,1677.5,2130.5,2285.5,23586.5,2091,19167,9880,1313.5,664.25,265.8,3270,380,16.07,91.66,330,1207,25.66,656.5
3/1/2012,229.392,144.2,194.3,23.36,34.5,0.13,2655.2,2227.8,9830.6,6717.7,2791.56594,16141.82697,103.02,2.126,3.3899,3.1684,107,1668.29,32.22,3.824,4239,150,1635.23,2037,2087,22735,1995,17753,10395,1403,660.75,260.9,3433,376,15.66,93.52,341.25,1212,24.71,644
4/1/2012,230.085,144.1,194.7,23.39,34.4,0.14,2639.8,2237.3,9884.6,6740.7,2802.54618,16232.5727,104.87,2.285,3.1844,3.1834,100.75,1663.88,30.95,3.8335,4283,149,1563.91,2153,2078.75,22714,2054.5,17817,10270,1503,647.75,284.9,3471,366.5,15.73,87.25,336.75,1166,21.27,660.25
5/1/2012,229.815,142,193.6,23.4,34.4,0.16,2616.5,2256.2,9928.4,6765.1,2818.39729,16273.58868,86.53,2.422,2.825,2.7062,91.45,1558.7,27.65,3.3625,4046,137,1409.84,1907,1955.5,19612.5,1865.75,16159,9700,1340,643.75,281,3101,314.6,15.62,71.55,280.75,1096,19.42,555.25
6/1/2012,229.478,138.7,191.7,23.46,34.4,0.16,2618.8,2275.3,9999.3,6780.3,2829.85078,16254.98484,84.96,2.824,2.7272,2.696,88.4,1598.2,27.44,3.49,4358,139,1443,1847.75,1875.75,18780.5,1880.5,16694,9845,1512.75,739,273.4,3020,279,15.65,68.31,336,1076,21.81,672.5
7/1/2012,229.104,137.7,191.2,23.5,34.4,0.16,2647.8,2315,10051.8,6793.1,2840.09463,16324.53275,88.06,3.209,2.9146,2.8417,90.15,1613.29,27.91,3.415,3708,123,1410.3,1910.5,1853.25,18082,1832.75,15807,9805,1721,888.25,281,2980,275.8,16.67,70.58,380.25,1062,22.64,806.5
8/1/2012,230.379,139.4,193.5,23.49,34.4,0.13,2650.7,2354.1,10121.3,6815.3,2857.10779,16234.58779,96.47,2.799,3.1056,3.1696,91.75,1690.54,31.69,3.454,3458,96,1532,1964.5,1883.75,19388.5,1816,15897,10665,1764.5,870,288.1,3019,257.5,18.89,76.15,388.5,934,19.78,802.75
9/1/2012,231.407,140.8,195.4,23.57,34.4,0.14,2594.9,2386.6,10200.8,6830.7,2865.78973,16287.34806,92.19,3.32,3.342,3.1694,89.5,1770.69,34.46,3.748,3668,110,1659.95,2274.25,2084.75,21910,2064.25,18426,10900,1601,902.5,279,2546,292,18.98,69.52,370.5,940,19.58,756.25
10/1/2012,231.317,141.2,195.1,23.56,34.3,0.16,2611.8,2420.1,10267.3,6839.5,2881.76267,16218.02351,86.24,3.692,2.7618,3.0682,83.6,1720.05,32.21,3.527,3733,122,1561.2,2077.5,1877.5,19923,1829,16135,10500,1547,864.5,318.8,2496,281.1,21.06,70.07,389,1048,19.46,755.75
11/1/2012,230.221,140.2,192.6,23.63,34.4,0.16,2646.8,2441.2,10337.6,6873.5,2903.31606,16294.76947,88.91,3.561,2.7614,3.0413,85.9,1714.4,33.4,3.5885,3603,120,1596.5,2257.5,2094,21862,2029.25,17598,10900,1438.75,844.75,340.1,2370,282.9,20.8,71.75,398.75,1034,19.34,748
12/1/2012,229.601,139.4,191.8,23.73,34.4,0.16,2675.9,2460.7,10459.7,6892.5,2912.90502,16387.42324,91.82,3.351,2.812,3.0451,93.75,1674.34,30.31,3.5775,3824,141,1537.32,2316.5,2041,23380,2049.5,16998,11140,1418.75,778,373.9,2438,298.8,18.6,75.14,347.5,1072,19.51,698.25
1/1/2013,230.28,140.1,192.6,23.75,34.4,0.14,2741.7,2475.5,10479.5,6924.9,2930.70325,16514.93435,97.49,3.339,3.0258,3.1298,95.2,1662.99,31.41,3.7235,3881,153,1676.25,2422,2054.25,24758,2125.25,18268,11175,1468.5,779.5,352.7,2557,304.8,17.2,82.95,360,1138,18.78,740.5
2/1/2013,232.166,141.3,195.2,23.78,34.5,0.15,2845.3,2470.6,10482,6942.9,2950.55705,16372.36842,92.05,3.486,2.9146,2.9719,94.25,1579.76,28.51,3.5275,3791,152,1579.99,2271,1961.75,23371.5,2046.25,16539,11190,1474.25,707.75,380.3,2397,290,16.98,83.56,391.75,1109,18.38,719.5
3/1/2013,232.773,141.2,194.5,23.8,34.5,0.14,2935,2477.5,10550,6948.1,2961.00546,16437.42264,97.23,4.03,3.1054,2.9152,90.65,1595.8,28.32,3.402,3734,138,1570.5,2090.75,1875.25,23187,1864.5,16589.5,10645,1404.75,697,391.2,2378,267,16.97,84.96,426.25,1069,17.97,709
4/1/2013,232.531,140.2,194,23.87,34.4,0.15,3011.7,2507.1,10585.9,6973.3,2972.09059,16451.51239,93.46,4.343,2.8009,2.8734,87,1476.6,24.28,3.1875,3451,137,1503.5,2007,1832.25,20324,1834.5,15318.5,10300,1467.75,721.75,345.5,2286,246,17.6,83.6,415.5,995,17.67,683.25
5/1/2013,232.945,139.4,194,23.89,34.5,0.11,3116.9,2527.9,10628.2,6981.1,2986.93636,16420.0295,91.97,3.984,2.7792,2.7923,87.7,1386.4,22.21,3.289,3244,114,1458,2207.5,1877.75,20850,1893.75,14752,10400,1510,705.5,306.3,2397,238.6,18.51,79.36,374.25,1033,16.55,662
6/1/2013,233.504,138.8,193.9,23.96,34.5,0.09,3201.5,2528.3,10684.9,7001.9,3000.13761,16521.91913,96.56,3.565,2.752,2.8798,83,1233.14,19.61,3.0505,3165,119,1338.67,2040.5,1729.75,19618,1821.25,13643.5,10695,1564.5,648.5,297.6,2344,223,18.04,82.98,401.25,1047,16.38,679.25
7/1/2013,233.596,138.9,194,23.98,34.4,0.09,3290.9,2544.5,10730.8,7017.3,3015.14301,16556.66532,105.03,3.446,3.0442,3.0431,77.05,1322.49,19.8,3.1185,3381,132,1434,2058,1757.25,20402,1804.25,13802,11355,1374,664.25,310.5,2236,225.5,17.8,85.48,340.25,1007,16.97,499
8/1/2013,233.877,139.4,194.6,24.02,34.5,0.08,3398.9,2555.9,10790.2,7018.3,3029.98525,16619.23962,107.65,3.581,3.0183,3.1396,78.55,1395.69,23.46,3.225,3392,140,1515.5,2145.5,1766,21235,1868.5,13725,12310,1424,643.25,320.4,2404,242.7,17.89,83.7,391.5,1064,16.34,495
9/1/2013,234.149,139.8,194.3,24.06,34.4,0.08,3486.9,2584.8,10841.3,7039.7,3045.91769,16608.592,102.33,3.56,2.6347,2.971,79.15,1326.94,21.64,3.321,3450,134,1398.8,2091.75,1798.5,23310,1881.75,13885,11005,1282.75,678.5,344.1,2320,230.6,18.12,86.11,319.25,1097,17.48,441.5
10/1/2013,233.546,138.9,193.7,24.09,34.4,0.09,3589.5,2623.6,10956.7,7064.7,3062.67334,16675.67674,96.38,3.581,2.6337,2.9678,84.15,1323.19,21.85,3.2945,3296,133,1448.5,2160.5,1814.75,22856,1919,14557,11725,1280.25,667.5,361.5,2593,228.2,18.79,77.18,330.25,1095,18.32,428.25
11/1/2013,233.069,137.7,192.7,24.16,34.4,0.08,3684.6,2634.6,10969,7084.1,3076.9589,16753.92037,92.72,3.954,2.6841,3.0478,84.55,1251.99,19.95,3.2305,3487,137,1357.2,2055.25,1710,22789,1866,13451,12000,1336.5,655,364.8,2654,233.5,18.8,75.69,365.25,1127,17.15,415.25
12/1/2013,233.049,137.8,193.2,24.18,34.3,0.09,3717.5,2664.3,11028.8,7105.9,3090.46778,16708.96157,98.42,4.23,2.7858,3.0772,87.25,1204.94,19.41,3.4205,3344,137,1367.5,2190.5,1754.75,22335,2053,13832,11880,1312.5,605.25,360.1,2659,226.5,19.34,84.64,354.25,1134,16.41,422
1/1/2014,233.916,138.3,194.2,24.23,34.4,0.07,3728.5,2698.9,11078.9,7130.1,3110.22039,16605.08331,97.49,4.943,2.6272,3.2794,82.35,1243.19,19.1,3.2205,3245,127,1374.75,2094.75,1663.25,22063,1964,13928,11600,1282.75,555.75,353.8,2559,188.6,21.12,85.83,405.75,1132,15.55,434
2/1/2014,234.781,139.8,195.2,24.33,34.3,0.07,3833.4,2724.7,11161,7190.9,3127.59853,16680.96759,102.59,4.609,2.7898,3.0893,77.55,1325.79,21.19,3.2385,3038,119,1440.5,2115.25,1711.25,23580,2111,14692,11235,1414.25,599,350,2800,183,23.18,85.37,510.5,1077,17.31,457.5
3/1/2014,236.293,140.5,196.2,24.32,34.5,0.08,3885.9,2751.4,11200.2,7241.7,3145.2723,16677.00938,101.58,4.371,2.911,2.932,74.55,1283.64,19.71,3.0465,3318,114,1409.2,2041,1744.25,22844,1970.25,15860.5,11350,1464,697.25,335.8,2634,190,23.27,93.52,399,1006,17.77,502
4/1/2014,237.072,139.7,197.5,24.34,34.5,0.09,3930.7,2773.2,11256.9,7275.7,3169.33472,16803.29421,99.74,4.815,3.0077,2.9349,73.35,1291.29,19.11,3.0295,3317,107,1422,2081.25,1756.25,23029,2040.25,18298,11670,1530.75,713,335.9,2623,176,22.55,94.26,418.5,1053,17.24,514
5/1/2014,237.9,140.1,197.2,24.4,34.5,0.09,3911.5,2791.3,11326.3,7315.5,3187.75716,16867.22779,102.71,4.542,2.9965,2.8846,73.9,1250.69,18.68,3.136,2983,93,1444.7,2069.75,1838,23220,2054,19209,11525,1493.25,627.25,312.3,2423,169.5,22.63,86.27,371,1040,17.38,465.75
6/1/2014,238.343,140.5,197.2,24.46,34.5,0.10,3948.7,2827.1,11380.7,7362.3,3205.13244,16934.14806,105.37,4.461,3.077,2.9708,71.1,1327.19,20.97,3.188,2811,95,1480.65,2144,1856.75,22540,2214.25,18969,12140,1400.5,564.75,335.1,2426,177.2,21.34,79.21,338,1022,16.62,424.25
7/1/2014,238.25,140.1,197.4,24.48,34.5,0.09,3989.1,2843,11439.9,7403.7,3227.40499,17022.45174,98.17,3.841,2.8311,2.8866,68.95,1282.09,20.35,3.223,3053,96,1454.4,2218.5,1978.5,22811,2377.5,18435.5,12000,1224.5,530.25,324.4,2257,171.4,21.44,62.09,354.5,1026,16.46,357
8/1/2014,237.852,139,197.4,24.54,34.6,0.09,4075,2804.2,11469.4,7453.7,3243.46835,17117.27863,95.96,4.065,2.7827,2.8569,69.25,1287.07,19.43,3.135,2900,89,1419.5,2237.25,2096.5,21875,2359,18717,11040,1089.5,550.25,348.4,1929,160,22.24,67.6,362.25,1002,15.49,359
9/1/2014,238.031,137.9,196.8,24.55,34.5,0.09,4049.2,2865.2,11502.8,7483.7,3259.48813,17054.4728,91.16,4.121,2.5869,2.6472,64.65,1208.74,16.94,3.0055,2502,78.5,1293.1,2090.5,1928.75,20279,2281.75,16241.5,10995,913.25,477.75,332.9,2217,148,24.58,61.96,335.5,1023,15.48,320.75
10/1/2014,237.433,136,194.8,24.58,34.5,0.09,4001.5,2870.7,11563.4,7505.5,3269.65745,17143.14165,80.54,3.873,2.1695,2.5145,64.3,1173.92,16.14,3.061,2654,81,1228.5,1997.75,2039,19680,2307,15720,10535,1046.5,532.5,323,2306,158.3,23.79,64.45,336.25,1029,16.04,376.75
11/1/2014,236.151,133.5,192.7,24.66,34.6,0.09,3830.4,2888.8,11604.7,7554.1,3283.68655,17152.0025,66.15,4.088,1.9039,2.2308,63.45,1167.04,15.41,2.86,2644,70,1196.5,2023.75,2004,20250,2215,16223,10240,1016,577.25,327.7,2172,151.7,21.93,59.03,294.5,1056,15.59,375.75
12/1/2014,234.812,130.1,189.1,24.62,34.6,0.12,3934.5,2940.9,11681.5,7607.3,3309.53985,17128.88328,53.27,2.889,1.4353,1.8466,62.3,1183.55,15.66,2.8385,2607,72,1199.9,1843,1825,19433.5,2167,15074,9815,1019.25,589.75,331.1,2266,152.2,15.91,60.27,303.75,1059,14.52,397
1/1/2015,233.707,126,185,24.75,34.5,0.11,4017.1,2941.3,11745.2,7662.5,3316.71672,17274.83809,48.24,2.691,1.4152,1.6863,62.45,1282.8,17.22,2.5279,2188,65,1235.25,1844.5,1864,19025,2125,15109,8950,961,502.75,321.8,2146,138.7,16.14,59.36,275.5,1070,14.79,370
2/1/2015,234.722,125.5,185.4,24.79,34.6,0.11,3840.5,3005.4,11863.9,7715.7,3332.9446,17353.54537,49.76,2.734,1.7676,2.2989,71.05,1212.55,16.6,2.716,2208,64.5,1183.75,1713.76,1815,17950,2065,14037,9085,1030.75,517.5,297.2,2305,145.8,15.49,64.73,290.5,1088,13.93,384.5
3/1/2015,236.119,125.3,186.2,24.86,34.5,0.11,4030.6,2998.4,11879.6,7795.3,3357.4702,17213.68935,47.6,2.64,1.78,1.7179,56.8,1183.1,16.62,2.747,2287,53,1138.85,1832.25,1781.25,16543,2072,12339,10360,973.25,511.75,278.2,2165,145,15.5,63.1,264.75,1103,11.93,376.25
4/1/2015,236.599,125.1,185.7,24.89,34.5,0.12,4059.4,2999.2,11927.4,7838.9,3379.35387,17389.55065,59.63,2.751,2.0497,1.9763,62.05,1183.85,16.12,2.8865,2206,58,1135.5,2123.5,1933.25,15992,2367,13915,10795,978.5,467,256.3,2102,147.8,16.22,67.32,239.75,1172,12.98,362.5
5/1/2015,237.805,126.5,188.2,24.97,34.5,0.12,3949.4,2981.9,11960.3,7879.7,3396.24822,17349.74924,60.3,2.642,2.0858,1.9553,60.05,1189.75,16.695,2.7595,2055,59,1108,1933.75,1740,15600,2188,12588,9750,934,477,274.1,2216,165.6,16.22,64.35,234,1312,11.98,351.5
6/1/2015,238.638,126.6,188.9,24.97,34.5,0.13,3919.6,3020.9,12005.8,7929.7,3420.42657,17403.53566,59.47,2.832,2.0896,1.8866,60.8,1172.2,15.74,2.6234,1877,60,1075.5,1743.75,1691,13920,2000,11932.5,9780,1056.25,615.75,288.3,2229,150.7,16.71,64.88,288.25,1263,12.47,414
7/1/2015,238.654,125.4,188.5,25,34.5,0.13,3961.2,3040.9,12058.4,7967.1,3439.28145,17403.90903,47.12,2.716,1.841,1.584,60.3,1095.4,14.77,2.3674,2043,55.5,981.5,1695.01,1618,16300,1916,10993.5,8895,980.75,499.25,252.1,2120,140,16.28,64.01,241.25,1221,11.14,371
8/1/2015,238.316,123.2,187,25.09,34.6,0.14,3984,3029,12109.5,8019.1,3453.86482,17407.73202,49.2,2.689,1.6404,1.6736,58.4,1134.1,14.6,2.3379,1935,56.5,1006.5,1724.51,1587.75,14410,1807.5,10033,9120,897.5,482.5,234.2,1991,126.8,16.3,63.75,290.5,1222,10.69,363.75
9/1/2015,237.945,121.9,184.3,25.11,34.5,0.14,4028.5,3047,12164.5,8067.3,3481.2455,17499.93027,45.09,2.524,1.3894,1.5126,53.85,1114.6,14.51,2.3454,1796,55.5,904.25,1657.76,1577,15525,1688.75,10365.5,8805,892,512.75,229.2,2375,124,15.48,59.49,226.75,1218,12.17,387.75
10/1/2015,237.838,121.5,183.7,25.19,34.5,0.12,4060.5,3018.8,12196.8,8114.7,3497.67601,17488.26882,46.59,2.321,1.405,1.4994,53.05,1142,15.52,2.3134,1764,49.5,981.74,1679.51,1478.5,14995,1710.25,10046,8400,883.75,522,253.7,2363,120.7,15.43,63.32,227.25,1250,14.52,382.25
11/1/2015,237.336,120.8,182.9,25.25,34.5,0.12,4006.7,3082.3,12286,8175.7,3512.73828,17422.64838,41.65,2.235,1.3587,1.3369,53.55,1064.02,14.085,2.0444,1687,45,831.08,1647.01,1449,15050,1556.25,8864.5,7880,881,460,245.8,2344,116.2,15.29,62.63,248.75,1246,14.93,365
12/1/2015,236.525,119.3,180.8,25.24,34.5,0.24,3835.8,3095.8,12344,8231.5,3400.22322,17477.13076,37.04,2.337,1.2671,1.1007,50.6,1060.91,13.83,2.1254,1841,43.8,890.6,1797,1501,14565,1607.25,8780,8820,871.25,470,257.6,2485,117.8,13.56,63.28,217.25,1265,15.24,358.75
1/1/2016,236.916,117.8,179.7,25.38,34.6,0.34,3792.7,3096.9,12470,8284.5,3418.76263,17548.08216,33.62,2.298,1.1031,1.0551,48.8,1117.64,14.259,2.0489,1763,42.8,870.4,1720.5,1519,14850,1623.25,8583,8550,882.25,479.25,240.4,2443,107.4,13.73,61.13,200.75,1280,13.14,372
2/1/2016,237.111,117.2,178.7,25.38,34.4,0.38,3872.5,3128.8,12545.6,8346.9,3436.24154,17517.78802,33.75,1.711,1.0497,1.076,50.5,1237.76,14.88,2.1179,1831,49.4,929.99,1755.25,1572,15850,1765.25,8491,8565,853,445,254,2548,112,13.8,58.01,169.25,1268,14.56,353.5
3/1/2016,238.132,117.7,179.3,25.45,34.4,0.36,3898.4,3154,12609.7,8422.1,3464.86358,17630.85301,38.34,1.959,1.4265,1.1848,51.1,1231.95,15.416,2.1814,2275,54.8,972.5,1696.75,1521,16600,1815.25,8448.5,10150,910.75,473.5,310.7,2725,132.7,13.78,58.44,185.5,1239,15.35,351.5
4/1/2016,239.261,118.5,180.5,25.53,34.4,0.37,3872.9,3198.5,12698.4,8469.7,3484.75416,17643.77569,45.92,2.178,1.5848,1.3779,50.75,1293.36,17.82,2.2789,2727,64.5,1074.5,1806,1679,17220,1938.5,9409,8640,1021,478,295.6,2593,148.5,13.62,63.69,193.5,1241,16.16,390.25
5/1/2016,240.229,119.9,181.9,25.58,34.4,0.37,3836.5,3237.6,12765.6,8526.5,3502.63631,17588.91471,49.1,2.288,1.6149,1.4975,53.5,1214.69,15.981,2.0974,1931,51,977.43,1696,1557,16300,1923,8388.5,8720,1078.5,464.5,303.4,2620,126.9,12.8,63.94,189,1297,17.49,404.75
6/1/2016,241.018,120.7,183.6,25.62,34.4,0.38,3825.5,3246.1,12831.9,8572.1,3520.78974,17623.19712,48.33,2.924,1.5014,1.4847,56.95,1321.78,18.69,2.1944,2208,54.5,1020,1785.25,1647,17005,2105,9401,9560,1175,431.25,303.9,2353,135.9,15.25,64.66,205.25,1297,20.15,358.75
7/1/2016,240.628,120.8,183.4,25.69,34.4,0.39,3772.5,3246,12892,8617.5,3539.34564,17631.42547,41.6,2.876,1.321,1.276,61.15,1350.59,20.31,2.2204,2343,60.5,1143,1812.75,1644,17850,2243,10587.5,9030,1032.5,407.75,318.4,2316,129.8,15.26,73.02,200.5,1320,19.05,334.5
8/1/2016,240.849,120.5,182.5,25.72,34.3,0.40,3816.7,3319.3,12978.2,8641.9,3561.04875,17739.28805,44.7,2.887,1.4122,1.4102,68.75,1308.45,18.61,2.0694,2378,59.5,1048,1897.25,1614,18875,2310,9707.5,8990,960,361,312.7,2526,127.1,16.46,65.32,161,1317,20.06,301.5
9/1/2016,241.428,120.6,183,25.77,34.4,0.40,3735.9,3327.7,13037.9,8688.7,3581.72467,17802.6723,48.24,2.906,1.4874,1.5279,72.2,1315.8,19.145,2.2019,2168,57,1023.74,2120.75,1673,20025,2377,10528,8870,954,402,336.4,2636,139.1,16.39,68.29,178.25,1290,22.53,336.75
10/1/2016,241.729,121.2,183.7,25.89,34.4,0.40,3572.1,3333.4,13105.4,8734.3,3597.62748,17736.48504,46.86,3.026,1.4495,1.4955,108.6,1277.28,17.87,2.2004,2415,65,976.5,2049,1734,20700,2462,10437,9450,1002.25,416.25,298.2,2763,149.3,14.78,68.86,220.5,1331,21.57,354.75
11/1/2016,241.353,121.1,183.2,25.9,34.3,0.41,3629.8,3355,13176.5,8761.5,3619.27278,17834.85724,49.44,3.352,1.4908,1.5709,87.45,1172.7,16.48,2.6215,3044,74.5,911,2350.5,1732,21050,2702,11196,9840,1032.25,380.5,329.8,3073,168,16.94,72.46,199.25,1378,19.81,336.75
12/1/2016,241.432,121.6,183.9,25.92,34.4,0.54,3531.6,3340.9,13209.6,8764.5,3636.43566,17866.32435,53.72,3.724,1.6651,1.7043,88.4,1151.46,15.934,2.4974,2954,80,899.74,1999.5,1693,21125,2576,9964,9780,996.5,408,316.6,3109,193.5,17.39,70.65,228.5,1355,19.51,352
1/1/2017,242.839,122.3,185.6,26,34.4,0.65,3595.5,3391.2,13282.7,8788.5,3653.3492,17844.81614,52.81,3.117,1.5256,1.6117,83,1210.51,17.53,2.6475,3307,83.5,994.4,2371,1807,19912.5,2867,9899.5,10790,1024.5,420.75,330,3029,227.5,16.75,74.94,244.25,1417,20.45,359.75
2/1/2017,243.603,122.7,186.2,26.06,34.3,0.66,3746.4,3402.7,13351.4,8809.9,3669.97996,17871.57234,54.01,2.774,1.512,1.6208,83.45,1248.52,18.306,2.704,3871,92,1023.1,2253.75,1921.25,19292.5,2821,10926.5,9740,1025,424.75,366.4,2770,207.8,16.87,75.33,258,1449,19.31,366.75
3/1/2017,243.801,122.5,186.7,26.11,34.3,0.79,3856.3,3450.5,13420.6,8815.7,3685.36911,17951.03787,50.6,3.19,1.7001,1.5736,80.75,1248.63,18.22,2.6464,3774,81,945,2330.5,1954.75,20015,2768,9962.5,9915,946,426.5,381.4,2646,191.8,15.83,77.33,224.25,1502,16.76,364.25
4/1/2017,244.524,122.8,187.6,26.17,34.4,0.90,3821.7,3451.2,13482.9,8844.1,3700.00266,17869.65303,49.21,3.276,1.548,1.504,83.55,1267.65,17.19,2.5965,3375,67.5,943.6,2283.5,1904,19937.5,2623.5,9404,8850,945.25,418.5,379.8,2508,162,15.17,79.32,237.5,1501,16.05,358
5/1/2017,244.733,122.7,187.3,26.21,34.4,0.91,3774.4,3516.1,13534.8,8877.5,3714.14277,17990.14094,48.32,3.071,1.6122,1.5153,73.45,1268.09,17.286,2.5769,3865,58,943.5,2099.25,1920.25,20350,2600,8922,9365,916,429.25,345.1,2499,152.4,15.61,76.98,247.5,1480,14.87,372
6/1/2017,244.955,122.4,187.6,26.26,34.4,1.04,3762.8,3524.9,13558.9,8890.7,3727.13115,18078.10593,46.04,3.035,1.5152,1.4755,81,1241.2,16.57,2.699,3692,63.5,921,2273,1910.5,19962.5,2763,9347,8950,942.25,511,365.9,2459,150.2,15.72,75.31,290,1507,13.68,370.5
7/1/2017,244.786,122.2,187.3,26.36,34.4,1.15,3795.4,3548.6,13621,8930.5,3743.42629,18062.14969,50.17,2.794,1.7058,1.6519,93.2,1269.05,16.79,2.888,3992,73,935.5,2307.75,1899.75,20700,2798,10168.5,9130,994.5,474.5,378.3,2675,142.4,15.47,70.5,284.25,1522,14.91,370.75
8/1/2017,245.519,122.9,188.4,26.38,34.4,1.16,3910,3587.8,13679.6,8959.7,3755.18326,18118.4943,47.23,3.04,2.1399,1.7575,95.3,1321.6,17.566,3.079,4151,76.5,995,2367.75,2103.25,20655,3159.5,11740,9825,936.25,410.25,385.7,2706,155.5,16.2,71.48,223.5,1558,14.4,342.25
9/1/2017,246.819,123.9,189.6,26.49,34.3,1.15,3874.5,3571.2,13722.1,8997.3,3770.17252,18203.59164,51.67,3.007,1.6065,1.8117,97.25,1279.1,16.605,2.9375,3913,61.5,909.24,2492,2081,20735,3166.25,10415.5,9200,968.25,448.25,402.2,2695,146.2,16.38,69.08,251.25,1522,13.54,355.25
10/1/2017,246.663,124.1,190.2,26.49,34.4,1.15,3829.9,3606.3,13777.4,9046.9,3794.38074,18200.9306,54.38,2.896,1.7796,1.8845,99.9,1271.2,16.69,3.092,3682,58.5,915.24,2402.5,2146.25,19417.5,3260.75,12256.5,9510,973.75,418.5,458.4,2815,134.4,16.72,68.38,264.75,1594,14.74,345.75
11/1/2017,246.669,125.3,191.2,26.52,34.5,1.16,3907.7,3631,13804.1,9078.7,3816.53989,18333.43872,57.4,3.025,1.7284,1.8927,96.8,1274.36,16.42,3.037,4370,68.5,941.3,2470.5,2033,19597.5,3155,11050,9590,985.75,409.25,427.7,2603,145.3,15.37,75.04,245.5,1676,15.08,341.75
12/1/2017,246.524,125.5,191.3,26.61,34.4,1.30,3851,3610.6,13852.3,9102.5,3830.75167,18396.82098,60.42,2.953,1.7992,2.0755,100.8,1302.45,16.946,3.2785,4215,74,924.49,2484.75,2258.25,19950,3312.75,12705.5,9545,951.75,427,448,2503,146.9,15.4,78.63,241,1760,15.16,350.75
1/1/2018,247.867,126.5,192.6,26.73,34.4,1.41,3824.8,3656.2,13868.2,9133.9,3848.40463,18382.75335,64.73,2.995,1.9075,2.0692,104.35,1344.7,17.31,3.184,3866,73,1000,2620.5,2223.5,21690,3528.25,13559.5,9985,995.75,451.75,470.9,2492,147,13.4,77.28,265.5,1734,13.23,361.5
2/1/2018,248.991,126.8,193.5,26.75,34.5,1.42,3855.1,3619,13910.2,9163.9,3864.42147,18486.27192,61.64,2.667,1.7577,1.9136,105.1,1317.66,16.405,3.1075,4135,80.5,983,2496,2129.5,21542.5,3453.25,13743.5,8970,1045,484.5,516.6,2559,150.7,14.02,81.65,263,1834,13.48,374.5
3/1/2018,249.554,126.5,194,26.86,34.5,1.51,3800.6,3663.4,13965.5,9197.3,3876.81373,18442.61526,64.94,2.733,2.0179,2.0284,96.4,1324,16.319,3.019,3530,65,927.99,2394.5,2004.5,21100,3273.75,13253,9730,1044.5,451,515.7,2425,133.7,14.23,81.46,225.75,1772,12.35,387.75
4/1/2018,250.546,127.1,195.3,26.92,34.5,1.69,3727.1,3655.2,13987.7,9279.1,3885.88228,18513.11182,68.57,2.763,2.1292,2.1674,99.4,1314.95,16.308,3.0525,3938,67,903,2321,2263.5,21180,3120,13593,9250,1037.75,512.5,577.2,2362,141.5,14.5,84.68,225.5,1846,11.52,392.5
5/1/2018,251.588,128.2,197.7,26.98,34.5,1.70,3674.8,3650.8,14041.2,9295.3,3902.72967,18575.51854,67.04,2.952,2.1603,2.1914,110.15,1297.92,16.35,3.058,4130,65.5,901.5,2446,2298.25,20645,3100,15157.5,9810,1018.5,526.25,597.1,2429,142.8,15.57,93.15,244.75,2027,12.79,394
6/1/2018,251.989,128.2,198.4,27.03,34.6,1.82,3650.5,3652.2,14102.6,9336.7,3901.81232,18608.73091,74.15,2.924,2.1791,2.2093,114.4,1252.25,16.08,2.951,4184,67,847.5,2405.25,2164,19700,2855,14823,9095,858.5,497.5,569.3,2326,137.1,15.27,85.38,250.5,2056,11.86,350.25
7/1/2018,252.006,128.1,198.5,27.09,34.5,1.91,3618.3,3677.5,14137,9366.5,3924.34742,18643.98223,68.76,2.782,2.1291,2.1319,119.9,1223.41,15.514,2.819,4157,68.5,834.5,2140.5,2067.25,20090,2630.5,13939,9345,903.75,553.75,455.4,2194,130.1,14.12,90.28,235.75,1981,10.55,372.25
8/1/2018,252.146,127.6,198.6,27.2,34.5,1.91,3584.5,3693.2,14187.4,9387.3,3943.096,18736.8536,69.998,2.916,2.1012,2.236,118,1201.05,14.52,2.645,4579,67,782.5,2057.5,2109.5,18937.5,2471.5,12708,9455,834.25,519.18,437.6,2248,132,16.52,82.31,243,2090,10.6,352.25
9/1/2018,252.439,127.7,198.9,27.32,34.4,1.95,3559.8,3701.8,14214.6,9421.9,3955.67614,18718.7305,73.599,3.008,2.1012,2.3518,113.85,1191.69,14.6,2.787,4527,69.5,811.98,2022.75,2056,18837.5,2597,12507,9270,845.5,509,344.4,2174,134.2,16.11,76.76,264.75,2067,10.42,356.25
10/1/2018,252.885,128.3,200.4,27.36,34.5,2.19,3520.9,3728.2,14228.5,9458.1,3974.99606,18735.8458,65.31,3.261,1.768,2.2618,105.2,1214.14,14.221,2.6635,4612,75.5,836,1901.5,1947,19117.5,2485.5,11425.5,9370,839,500.5,311.5,2150,124.5,14.79,76.86,276.5,1868,13.19,363.25
11/1/2018,252.038,126.2,198.4,27.44,34.4,2.20,3476.3,3705.6,14241.6,9499.1,3992.03965,18695.36034,50.93,4.612,1.4413,1.8455,101.7,1221.88,14.171,2.7775,3512,65,797.7,1960.5,1966.75,18430,2536,11135.5,9035,894.75,515.75,323.9,2040,122.4,14.46,77.16,288.25,1860,12.84,366.5
12/1/2018,251.233,124.4,195.2,27.56,34.5,2.27,3400.7,3763.4,14358.8,9568.7,4007.04189,18770.34788,45.41,2.94,1.3237,1.6808,102.05,1282.73,15.48,2.628,3870,71.5,791.74,2007,1822.75,19435,2446,10604.5,9055,882.5,503.25,332.5,2121,124.8,13.83,72.2,275.25,1862,12.03,375
1/1/2019,251.712,124.6,194.3,27.59,34.5,2.40,3346.9,3754.8,14430.8,9632.7,4027.31566,18835.47367,53.79,2.814,1.3627,1.8788,99,1320.56,16.065,2.789,3821,84.5,819.5,2099.5,1901,20850,2723.5,12406.5,8840,915.25,516.5,416.2,2299,129.7,14.02,74.4,282.5,1934,12.73,376.5
2/1/2019,252.776,125.9,195.4,27.7,34.4,2.40,3353.5,3762.9,14472.3,9674.7,4040.92366,18828.08459,57.22,2.812,1.6293,2.0235,96.05,1312.66,15.603,2.95,3797,85,870,2145.25,1894.75,21615,2757.5,12969,8450,897.5,452.5,385.6,2121,143,15.24,71.74,252,2016,12.73,362
3/1/2019,254.202,126.6,197.4,27.79,34.5,2.41,3381.5,3733.6,14510.7,9710.5,4053.38217,18842.99141,60.14,2.662,1.8956,1.9734,92.75,1291.9,15.135,2.936,3732,86.5,845.5,2001.5,1900.25,21422.5,2911.25,12896.5,8625,884.25,457.75,360.2,2106,143,15.06,77.61,269,1947,12.53,356.5
4/1/2019,255.548,126.8,199.2,27.76,34.4,2.42,3286.7,3775,14541,9730.5,4072.88944,18909.98852,63.91,2.575,2.1232,2.0812,85.2,1283.35,14.935,2.9015,4192,96.5,886,1904.5,1773,19707.5,2824.5,12131.5,8335,841.25,418.5,341.2,2095,151.1,15.96,75.98,305,1943,11.99,353.25
5/1/2019,256.092,127,199.1,27.86,34.4,2.39,3244.5,3783.2,14632.5,9773.9,4085.97556,18927.55613,53.5,2.454,1.802,1.8418,83.4,1305.25,14.57,2.646,3834,105.5,791.5,1794.5,1777.5,18742.5,2523.25,11971.5,8070,877.75,503,305.5,2069,157,16.38,68.08,314.5,1887,12.1,427
6/1/2019,256.143,125.6,197,27.94,34.4,2.38,3274.8,3824.4,14754.8,9810.5,4094.05562,19049.23057,59.46,2.308,1.9425,1.9446,70.9,1409.1,15.308,2.7055,3780,116.5,833,1917,1782.25,18825,2492.25,12617,7685,899.75,528,378.9,1951,149.8,16.27,63.15,273,1715,12.32,420.25
7/1/2019,256.571,125.6,197.5,28.02,34.4,2.40,3260.3,3856.8,14833.8,9833.7,4117.32184,19101.9064,58.58,2.233,1.902,1.955,69.65,1413.55,16.255,2.6579,4064,121,859.5,1998.5,1782.25,17352.5,2439.75,14452,7470,864,487.25,343.9,2070,134.5,17.25,63.22,256,1754,12.21,400.25
8/1/2019,256.558,124.9,196.4,28.13,34.4,2.13,3271.4,3858.9,14919.8,9880.7,4131.68956,19129.45571,55.1,2.285,1.6134,1.8282,65.75,1519.85,18.35,2.5329,3625,86.5,930.75,2013,1732.5,16282.5,2219,18004,7050,857,451.25,374.5,2234,128.5,17.61,59.05,262.25,1375,11.14,358
9/1/2019,256.759,125,195.9,28.17,34.4,2.04,3202.7,3900,15004.8,9903.5,4144.27758,19161.68362,54.07,2.33,1.6049,1.9056,65.55,1472,16.995,2.5644,3691,93,882,2126.75,1707.5,15890,2366.25,17219,7455,906,495.75,367.1,2135,126.3,18.28,59.75,275.75,1609,11.92,388
10/1/2019,257.346,124.5,196.6,28.24,34.3,1.83,3252.8,3935.3,15144.2,9934.1,4162.39219,19142.36129,54.18,2.633,1.6312,1.878,66.95,1513.16,18.125,2.633,3494,83,932,2171.25,1761.5,16482.5,2487.5,16680,7000,916.75,508.75,396.2,2485,131.9,20.11,64.44,297.25,1594,12.48,390
11/1/2019,257.208,124.7,196.5,28.35,34.3,1.55,3315.6,3955.3,15249.9,9977.7,4164.58613,19239.27745,55.487,2.3144,1.589,1.8788,67.85,1464.05,17.031,2.6409,3938,87,900.02,1922.75,1780,16475,2275.75,13618,7185,876.75,547.58,416.6,2744,138.5,20.36,64.4,321.25,1530,12.94,371
12/1/2019,256.974,125,196.4,28.37,34.3,1.55,3426.5,4007.1,15319.1,10025.1,4192.1914,19265.76927,60.756,2.1512,1.7061,2.0232,67.7,1517.7,17.821,2.7959,3796,92,962.5,1913.5,1789.25,17147.5,2275.5,13950,7190,952.5,559.26,405.3,3052,143.2,19.32,69.05,292,1558,13.42,388.25
1/1/2020,257.971,125.2,196.6,28.43,34.3,1.55,3442.6,3993.6,15401.8,10044.7,4207.68633,19210.1674,51.56,1.8415,1.5006,1.6331,68.5,1586.35,17.991,2.5159,3626,96.5,956.5,1898,1725.75,16452.5,2208.25,12771.5,7010,873,555.69,435.5,2604,138,17.04,67.5,303.75,1548,14.61,382
2/1/2020,258.678,124.3,195.1,28.55,34.4,1.58,3454.5,4002.9,15458.7,10078.9,4221.3581,19370.20159,44.76,1.813,1.3883,1.4824,67.4,1584.74,16.575,2.5422,3390,84.5,863.6,1887,1699.25,16232.5,2021.25,12187,6000,882,524.86,399.4,2319,130.5,16.98,61.59,264.5,1581,14.46,367
3/1/2020,258.115,121.3,192.3,28.8,34.1,0.65,3883.1,4261.9,15988.6,10432.3,4208.19843,18390.28129,20.48,1.648,0.6308,1.0062,67.85,1571.05,13.97,2.2254,3431,84,722.17,1733.72,1501.5,14560,1907.5,11434.5,5650,888.75,562.25,278.5,2402,103.6,16.22,51.13,266.5,1345,10.42,346
4/1/2020,256.389,118.2,186.1,30.01,34.2,0.05,4844.9,4779.8,17002.5,10797.5,4146.96836,16573.95275,18.84,1.934,0.7836,0.8502,51.25,1680.09,15.02,2.3524,3506,83.5,772.19,1610.26,1495.25,15062.5,1930.25,12124.5,6235,854.75,524.25,319.7,2088,105,11.37,58.06,282,1225,10.39,325
5/1/2020,256.394,119,188.9,29.72,34.7,0.05,5149.4,16232.9,17835.2,10829.9,4127.29403,17284.28852,35.49,1.839,1.0259,0.9647,52,1726.3,17.848,2.4264,3504,101.5,838.25,1655.01,1548,15405,1988,12260,6865,840.5,521,367.1,2292,111.2,12.18,57.59,323.75,1170,10.91,325.5
6/1/2020,257.797,120.6,190.2,29.37,34.6,0.08,5001.8,16563.5,18129.3,10662.9,4137.15771,18281.36856,39.27,1.724,1.2162,1.1925,52.15,1784.25,18.2,2.7125,3699,101.5,816.61,1763.25,1619.5,16735,2047.5,12757.5,6805,883.25,489.25,435.7,2297,109.3,20.97,60.98,331,1110,11.84,338.75
7/1/2020,259.101,122.1,192.3,29.39,34.6,0.09,4700.3,16763.8,18277.8,10576.3,4152.18338,18536.8388,40.27,1.814,1.1776,1.2294,51.95,1974.7,24.345,2.8495,3802,109.5,907,1861.75,1713.5,17827.5,2315.25,13738,6895,897.5,530.75,585.8,2677,123.1,24.55,62.3,276.5,1134,12.64,315.25
8/1/2020,259.918,123.2,193,29.48,34.7,0.10,4807.4,16896.7,18357.4,10526.3,4146.76568,18736.3216,42.61,2.643,1.2233,1.2241,49.8,1969.75,28.22,3.0285,3773,125,929.59,1947,1771.5,17822.5,2514.75,15336.5,7380,950.25,543,928,2738,136.7,19.77,64.41,265,929,12.66,349
9/1/2020,260.28,123.4,192.9,29.52,34.8,0.09,4880.3,17161.5,18575.2,10521.1,4161.81817,18963.07244,40.22,2.556,1.2063,1.1489,58.65,1885.44,23.21,3.017,3613,120,888.32,1802,1739.75,17465,2404.25,14480,7125,1022,578,612.2,2714,135.7,19.53,64.49,282.25,996,13.07,378
10/1/2020,260.388,123.3,193.7,29.54,34.8,0.09,4917.1,17365.3,18735.7,10431.3,4167.84505,19057.1227,35.79,3.354,1.0495,1.0813,58.2,1877.95,23.63,3.0525,3748,118,849,1806.5,1853.5,17725,2519.75,15123,7270,1056.5,598.5,495.6,3011,161.3,21.59,68.92,297.25,1138,14.36,398.5
11/1/2020,260.229,123.4,194.5,29.64,34.8,0.09,5093,17626.7,18969.8,10385.1,4172.23635,18846.69782,45.34,2.882,1.2489,1.3559,63.9,1777.02,22.604,3.438,4194,130.5,964.89,2061.5,2042.25,18665,2778.75,15985,8065,1167.75,580.25,636.8,3305,162,23.27,70.59,284.75,1150,14.51,419.75
12/1/2020,260.474,124.6,196.7,29.92,34.8,0.09,5206.5,17834.4,19124.8,10377.5,4184.85251,18874.36911,48.52,2.539,1.4101,1.484,80.5,1896.49,26.358,3.519,4220,158.5,1065.95,1975.75,1980.75,20315,2751,16553.5,7600,1306.75,640.5,873.1,3600,150.3,15.8,78.12,360.75,1171,15.49,484
1/1/2021,261.582,126.5,199.6,29.92,35,0.09,5248,18106.8,19372.4,10347.7,4195.65799,19224.15334,52.2,2.564,1.5527,1.5984,86.2,1846.09,27.001,3.556,4191,158,1072.68,2008.5,1973,22607.5,2573.25,17647.5,7930,1367,663,887,3490,159.5,16.12,80.64,349.5,1291,15.83,547
2/1/2021,263.014,128,203.1,30.05,34.6,0.08,5446.8,18367.2,19615.1,10361.5,4213.47358,18992.21994,61.5,2.771,1.9505,1.8431,85.1,1733.49,26.62,4.0946,4587,174,1188.72,2038.75,2158.5,25172.5,2785,18532,8870,1404.25,655,995.6,3742,200,15.63,87.82,376.5,1306,17.53,555.5
3/1/2021,264.877,129.9,207.9,30.05,34.9,0.07,5839,18641.3,19853.8,10375.3,4228.54907,19438.25005,59.16,2.608,1.9597,1.7698,96.25,1707.01,24.39,4.003,4832,165,1187.3,1952.5,2194.25,25260,2806.75,16022,8500,1436.75,618,1009.1,3612,166.2,17.6,80.88,378.75,1300,14.77,564.25
4/1/2021,267.054,131.1,210.1,30.2,34.9,0.07,6042.1,18927.5,20110.7,10335.9,4247.38124,19454.39041,63.58,2.931,2.0763,1.9224,93.3,1768.59,25.9,4.4791,5362,187,1198.5,2137,2420.25,28352.5,2920.5,17653,8300,1571,742.5,1500.5,3868,169.5,17.64,87.51,396,1342,17.44,740
5/1/2021,269.195,132.8,215.1,30.38,34.9,0.06,6041.9,19259.5,20418.7,10343.5,4274.13858,19580.34228,66.93,3.053,2.1463,2.052,118.9,1906.36,28.051,4.6761,4842,201.5,1186.63,2196.25,2506.5,30950,3072.25,18078,7620,1531,663.5,1309.5,3919,169.3,18.97,82.12,377.5,1320,17.36,659
6/1/2021,271.696,134.2,217.9,30.53,34.8,0.08,6027,19319.5,20460.1,10349.7,4297.37767,19604.13332,73.47,3.65,2.2418,2.1283,128.55,1769.8,26.104,4.2966,4893,215.5,1072.36,2265,2519.5,31187.5,2973.25,18212,8095,1450,671.5,716,3599,162.9,16.91,85.2,384,1423,17.58,720
7/1/2021,273.003,134.6,219.492,30.66,34.8,0.10,6130.2,19492,20615.3,10376.1,4313.33839,19564.85634,73.95,3.914,2.3347,2.1956,149.75,1813.58,25.46,4.4806,5705,191,1049,2414.75,2597.75,34765,3030.75,19547,8230,1414.75,703.75,621.2,4369,169.6,16.48,89.83,446.75,1428,17.91,547
8/1/2021,273.567,134.3,220.114,30.78,34.7,0.09,6328.7,19728.7,20835.3,10431.7,4331.52922,19703.82415,68.5,4.377,2.1419,2.1302,172,1813.43,23.885,4.3601,5233,156.5,1012.44,2386,2709.25,33840,3003.5,19589.5,8130,1298.75,706.75,482.8,4254,163,15.98,94.46,496.25,1350,19.84,534
9/1/2021,274.31,134.9,221.869,30.96,34.8,0.08,6388.8,19872.5,20965.8,10460.7,4355.20669,19755.29332,75.03,5.867,2.194,2.3385,218,1756.66,22.2,4.0901,5835,110,963.4,2120,2849.75,33277.5,3014.5,17946.5,9640,1256,725.5,627.5,4595,168,18.11,107.8,582.25,1337,19.83,536.75
10/1/2021,276.589,136.9,225.478,31.14,34.7,0.08,6330.9,20063.4,21143.8,10514.7,4376.02584,20005.00014,81.78,5.426,2.3697,2.4787,223.45,1782.81,23.85,4.3681,4806,107.5,1017.92,2419,2716.5,36888,3378.25,19556,8785,1235.75,772.75,591.6,5026,175.5,17.85,114.85,729.75,1333,19.27,568.25
11/1/2021,277.948,137.9,227.109,31.24,34.8,0.08,6394.7,20279.7,21349.2,10590.7,4407.63094,19976.90039,65.85,4.506,1.9282,2.0528,152,1773.79,22.798,4.2781,4176,100,934.31,2318.25,2625,39020,3200.25,20005,8738,1217.25,773.75,824.5,4672,177.1,18.04,111.65,723,1343,18.6,567
12/1/2021,278.802,137.4,226.47,31.42,34.8,0.08,6413.1,20430.5,21489.9,10715.5,4430.82386,20043.03437,74.88,3.73,2.2286,2.3084,169.6,1828.39,23.268,4.4636,4548,116,962.54,2337.75,2807.5,38860,3533.75,20880.5,8598,1339.25,770.75,1147.9,4697,178.3,18.42,112.6,683,1358,18.88,593.25
1/1/2022,281.148,140.1,231.495,31.63,34.6,0.08,6103.9,20585.5,21649.7,10771.1,4445.53156,19907.02462,86.49,4.675,2.5544,2.7157,222.75,1796.47,22.434,4.3246,4778,143.5,1018.14,2253,3021,43023,3585.75,22836,9036,1495.25,760.5,979.9,5593,174.5,20.37,127.57,695.5,1407,18.22,626
2/1/2022,283.716,142.6,237.245,31.63,34.7,0.08,6040,20661,21708.4,10824.5,4478.3141,19935.67777,93.5,4.402,2.9089,2.8466,274.5,1907.9,24.42,4.4446,4716,136.5,1043.39,2388.5,3368.5,45224,3665.75,24661,8731,1636.75,917,1336.7,6300,181.4,20.92,122.12,695.75,1421,18,697.5
3/1/2022,287.504,146.8,245.404,31.83,34.7,0.20,6134.5,20699.1,21739.7,10943.9,4523.95294,19935.96195,98.52,5.701,3.0978,3.2009,264,1937.23,24.772,4.7511,5115,153,983.3,2420.5,3491,42910,4173.25,32093,9277,1618.25,1002,965.3,5706,173.6,23.68,135.69,727.5,1375,19.49,748.75
4/1/2022,289.109,147.5,249.56,31.94,34.6,0.33,5885.2,20617.6,21644.2,11086.5,4555.23028,19857.86016,102.94,7.244,3.3744,3.6975,326.3,1896.4,22.74,4.4036,5152,142,931,2259,3052.5,40259,4106.75,31722,8750,1684.75,1055.75,1039.7,7105,164,24.39,154.76,650.25,1377,19.35,813.5
5/1/2022,292.296,148.2,256.396,32.06,34.6,0.77,5591.5,20627.6,21649,11203.5,4582.15544,19921.20335,111.91,8.138,3.7455,3.8469,427,1837.09,21.535,4.2961,4522,138.5,964.74,2173.7,2787,34670,3913.25,28343.5,8898,1683.25,1087.5,653.5,6305,166.8,25.2,138.98,669.75,1413,19.4,753.5
6/1/2022,296.311,148.5,262.418,32.18,34.6,1.21,5506.5,20556.5,21607.3,11336.3,4621.88016,19913.22165,103.1,5.392,3.4019,3.7649,385.95,1806.89,20.246,3.7125,4501,122.5,893.86,1903.5,2445.5,26451,3157,22643,8400,1560.5,884,663.3,4910,164.6,22.53,105,515.5,1430,18.83,628.75
7/1/2022,296.276,146.4,256.526,32.33,34.6,1.68,5537.2,20532.6,21636.1,11470.7,4644.40607,19894.32148,96.75,8.229,2.8652,3.4987,407.9,1765.22,20.32,3.584,4122,117.5,897,2037.25,2488.5,25047,3308.25,23579,8064,1487.25,807.75,527.1,4289,159,22.52,103.13,448,1388,17.54,616.25
8/1/2022,296.171,144.6,251.494,32.43,34.5,2.33,5582.3,20472.4,21631.9,11573.7,4673.59258,20200.711,89.03,9.189,2.3879,3.609,425,1710.71,17.97,3.519,3873,99,846.15,1946.25,2359,22793,3459.25,21323,7857,1422.5,831.5,509,4144,136.2,19.63,113.21,395.75,1330,17.89,670.5
9/1/2022,296.808,143.1,251.891,32.53,34.6,2.56,5410.9,20283.4,21503.3,11656.3,4698.97771,20075.28861,78.72,7.065,2.2789,3.127,433.7,1659.67,19,3.43,3936,98,859,1912.15,2162,20634,2968,21012,8160,1364.75,921.5,422.5,3416,134.9,19.85,85.34,390,1255,18.42,677.5
10/1/2022,298.012,142.7,254.013,32.66,34.6,3.08,5339.7,20100.3,21415.5,11763.5,4731.23984,20180.09258,85.4,6.607,2.4589,3.5005,356.3,1633.12,19.14,3.375,3464,82,925.72,1977.58,2222,17631,2697,21705,7822,1419.5,882.25,461.6,4054,117.5,21.81,71.64,389,1300,17.97,691.5
11/1/2022,297.711,141.6,252.922,32.8,34.5,3.78,5418.7,19935.8,21354.8,11858.7,4764.34702,20271.54514,80.66,6.818,2.3825,3.2943,397,1768.45,22.195,3.7385,3745,103,1032.72,2181.75,2477.5,22921,3037.5,26892,8030,1469.5,795.5,429.4,4234,128.7,19.83,84.61,385.75,1224,19.63,667
12/1/2022,296.797,141.5,244.845,32.93,34.4,4.10,5405.4,19685.8,21207.4,11981.9,4775.91196,20193.95083,80.26,4.475,2.4783,3.295,404.15,1824.4,23.965,3.8055,4019,117.5,1069.58,2336.5,2378,24808,2972.5,29886,8081,1519.25,792,373.7,4174,130.2,20.47,83.45,367.25,1327,20.04,678.5
